{
  "gates":[[[0.371875, 0.3333333333333333], [0.9859375, 0.9569444444444445]]],
  "track": "center",
  "result_style" : 0,
  "classes": {
    "kisi": [
      "person"
    ]
  }
}