{
  "_gates":[[[0.4375, 0.25277777777777777], [0.996875, 0.6833333333333333]]],
  "gates":[[[0.58125, 0.12222222222222222], [0.9640625, 0.975]]],
  "track": "center",
  "result_style" : 0,
  "classes": {
    "arac": [
      "car",
      "bicycle",
      "motorbike",
      "truck",
      "bus"
    ]
  }
}