{
  "gates":[[[0.63203125, 0.37777777777777777], [0.05078125, 0.5722222222222222]]],
  "track": "center",
  "result_style" : 0,
  "classes": {
    "arac": [
      "car",
      "bicycle",
      "motorbike",
      "truck",
      "bus"
    ]
  }
}